Imagen,Scene_coordinate_system,Area_px,Area_mm2,Perimetro_px,Perimetro_mm,Diametro_px,Diametro_mm,Escala_mm_por_px
xy003,-23.48485,120534,1.134160111408032,1762.087437748909,5.405176189413831,391.7507565852402,1.2016894373780374,0.003067484662576687
xy003,-23.48485,2509,0.023608340547254324,224.85281252861023,0.6897325537687431,56.52042124525014,0.17337552529217834,0.003067484662576687
xy003,-23.48485,6045,0.056880198727840725,313.25483322143555,0.9609043963847717,87.7310267118997,0.26911357887085796,0.003067484662576687
xy003,-23.48485,1143,0.010755015243328692,164.97056245803833,0.506044670116682,38.14856222234714,0.11702012951640227,0.003067484662576687
xy003,-23.48485,5164,0.048590462569159554,324.9949480295181,0.9969170184954544,81.0864292530654,0.24873137807688775,0.003067484662576687
xy003,-23.48485,1055,0.00992698257367609,133.1543276309967,0.4084488577637936,36.6506169074355,0.1124252052375322,0.003067484662576687
xy003,-23.48485,701,0.006596032970755393,109.01219236850739,0.3343932281242558,29.87542335866304,0.09164240294068417,0.003067484662576687
xy003,-23.48485,16426,0.15455982536038243,790.0315252542496,2.4234095866694774,144.6175396064384,0.44361208468232644,0.003067484662576687
xy003,-23.48485,4423,0.041618051112198434,254.9949473142624,0.7821930899210503,75.04357738250239,0.23019502264571287,0.003067484662576687
xy003,-23.48485,2612,0.024577515149234074,191.33809316158295,0.586926666139825,57.66889708368147,0.17689845731190637,0.003067484662576687
xy003,-23.48485,3202,0.030129097820768568,223.03657841682434,0.6841612834871913,63.850708862486336,0.1958610701303262,0.003067484662576687
xy003,-23.48485,3337,0.031399375211712904,220.20815014839172,0.6754851231545759,65.18282258986058,0.19994730855785453,0.003067484662576687
xy003,-23.48485,4629,0.043556400316157935,261.3208478689194,0.8015976928494459,76.77125668229658,0.23549465239968276,0.003067484662576687
xy003,-23.48485,5264,0.049531408784673873,278.1076457500458,0.853090937883576,81.86777732103087,0.25112815129150573,0.003067484662576687
xy003,-23.48485,534,0.005024652790846476,87.11269772052765,0.2672168641733977,26.075082298788182,0.07998491502695762,0.003067484662576687
xy003,-23.48485,2551,0.024003537957770337,193.6812388896942,0.5941142297229884,56.991526375588506,0.17482063305395248,0.003067484662576687
xy003,-23.48485,5645,0.05311641386578344,292.69343173503876,0.897832612684168,84.77875459117098,0.2600575294207699,0.003067484662576687
xy003,-23.48485,2587,0.024342278595355493,198.89444231987,0.6101056512879448,57.39225298095437,0.17604985576979867,0.003067484662576687
xy003,-23.48485,2483,0.0233636945312206,189.43859815597534,0.5810999943434827,56.22680668131002,0.1724748671205829,0.003067484662576687
xy003,-23.48485,988,0.009296548609281495,135.4385986328125,0.41545582402703224,35.467741261579384,0.10879675233613308,0.003067484662576687
xy003,-23.48485,2911,0.027390944333621894,202.85281229019165,0.6222478904607106,60.88021283408969,0.1867491191229745,0.003067484662576687
xy003,-23.48485,3865,0.03636757122962852,238.79393684864044,0.7324967387995106,70.15034454941333,0.2151851059797955,0.003067484662576687
xy003,-23.48485,908,0.008543791636870038,111.9827550649643,0.34350538363485983,34.00149271163735,0.10429905739766057,0.003067484662576687
xy003,-23.48485,2350,0.022112236064586552,179.0954520702362,0.5493725523626878,54.700209598571305,0.16779205398334757,0.003067484662576687
xy003,-23.48485,46806,0.44041928563363325,992.710676908493,3.0451247757929236,244.12138400982823,0.7488386012571419,0.003067484662576687
xy003,-23.48485,3040,0.02860476495163537,215.72286903858185,0.6617265921428891,62.21453380035002,0.19084212822193258,0.003067484662576687
xy003,-23.48485,88061,0.8286066468440665,1250.9919856786728,3.8373987290756837,334.8473496220676,1.027139109270146,0.003067484662576687
xy003,-23.48485,2326,0.021886408972863113,181.09545302391052,0.5555075246132225,54.420172556268035,0.16693304465112896,0.003067484662576687
xy003,-23.48485,1356,0.012759230682374197,135.88224935531616,0.41681671581385327,41.55132756797165,0.1274580600244529,0.003067484662576687
xy003,-23.48485,348,0.003274492829989838,69.94112491607666,0.21454332796342535,21.049640414216977,0.06456944912336496,0.003067484662576687
xy003,-23.48485,3467,0.03262260529188152,224.35028684139252,0.6881910639306519,66.44036048665606,0.20380478676888364,0.003067484662576687
xy003,-23.48485,2645,0.0248880274003538,243.03657746315002,0.7455109738133436,58.03204800646368,0.17801241719774136,0.003067484662576687
xy003,-23.48485,1344,0.012646317136512479,135.88224959373474,0.4168167165451986,41.367063566611286,0.126892833026415,0.003067484662576687
xy003,-23.48485,3305,0.03109827242274832,216.16652023792267,0.6630874853924008,64.86953595756418,0.19898630661829503,0.003067484662576687
xy003,-23.48485,1436,0.013511987654785654,138.46803605556488,0.424748576857561,42.75946662716566,0.13116400805879036,0.003067484662576687
xy003,-23.48485,1918,0.018047348413564684,167.19595849514008,0.5128710383286506,49.41733953585565,0.15158693109158175,0.003067484662576687
xy003,-23.48485,2297,0.02161353457036396,178.6101713180542,0.5478839610983258,54.07985978399601,0.16588914044170555,0.003067484662576687
xy003,-23.48485,1606,0.01511159622116,148.46803665161133,0.4554234253116912,45.21971593060566,0.13871078506320755,0.003067484662576687
xy003,-23.48485,2695,0.02535850050811096,198.56854152679443,0.6091059556036639,58.577987103188036,0.17968707700364428,0.003067484662576687
xy003,-23.48485,2441,0.022968497120704583,188.4091614484787,0.5779422130321432,55.74923971408518,0.17100993777326742,0.003067484662576687
xy003,-23.48485,2716,0.025556099213368967,196.99494743347168,0.6042789798572751,58.80577015481306,0.18038579802089896,0.003067484662576687
xy003,-23.48485,3801,0.035765365651699355,236.5512970685959,0.7256174756705396,69.56711514457355,0.21339605872568573,0.003067484662576687
xy003,-23.48485,1111,0.01045391245436411,123.49747371673584,0.3788266064930547,37.61075822422045,0.11537042400067622,0.003067484662576687
xy003,-23.48485,2998,0.028209567541119352,210.16652035713196,0.6446825777826134,61.78326759824231,0.18951922576147948,0.003067484662576687
xy003,-23.48485,865,0.00813918476419888,108.32590103149414,0.33228803997390843,33.186626918021,0.10179946907368405,0.003067484662576687
xy003,-23.48485,3677,0.034598592344461596,228.26702642440796,0.7002056025288588,68.4229625636832,0.20988638823215705,0.003067484662576687
xy003,-23.48485,3195,0.030063231585682568,221.72286927700043,0.6801315008496945,63.7808775843422,0.19564686375565093,0.003067484662576687
xy003,-23.48485,52406,0.4931122737024352,1033.2173793315887,3.1693784642073277,258.31258502324454,0.7923698927093391,0.003067484662576687
xy003,-23.48485,6435,0.06054988896834658,325.80613029003143,0.9994053076381333,90.51682976314832,0.2776589870035225,0.003067484662576687
xy003,-23.48485,3549,0.03339418118860327,233.5391036272049,0.7163776184883586,67.22147829574334,0.20620085366792434,0.003067484662576687
xy003,-23.48485,1778,0.016730023711844632,159.5391036272049,0.48938375345768376,47.579616544683496,0.14594974400209662,0.003067484662576687
xy003,-23.48485,711,0.006690127592306825,104.18376553058624,0.319582102854559,30.087760240780646,0.09229374306987928,0.003067484662576687
xy003,-23.48485,1392,0.013097971319959352,145.8406194448471,0.44736386332775185,42.099280828433955,0.12913889824672992,0.003067484662576687
xy003,-23.48485,493,0.004638864842485604,86.62741649150848,0.26572827144634503,25.05408341078227,0.07685301659749162,0.003067484662576687
xy003,-23.48485,1103,0.010378636757122963,122.56854128837585,0.37597712051649035,37.47510130530516,0.11495429848253116,0.003067484662576687
xy003,-23.48485,1756,0.01652301554443148,156.36753129959106,0.47965500398647565,47.28433821631583,0.14504398225863752,0.003067484662576687
xy003,-23.48485,389,0.00366028077835071,71.35533809661865,0.2188814052043517,22.255115881567058,0.0682672266305738,0.003067484662576687
xy003,-23.48485,4471,0.042069705295645306,262.4924223423004,0.8051914795776086,75.44967862430504,0.23144073197639584,0.003067484662576687
xy003,-23.48485,159,0.0014961044826677708,45.455843567848206,0.13943510296885953,14.228319915326999,0.0436451531145,0.003067484662576687
xy003,-23.48485,3304,0.031088862960593176,221.27921843528748,0.6787706086972009,64.85972136700079,0.19895620051227236,0.003067484662576687
xy003,-23.48485,612,0.005758590838947647,97.15432798862457,0.29801941100805085,27.914558950087667,0.08562748144198672,0.003067484662576687
xy003,-23.48485,756,0.007113553389288269,100.91168713569641,0.3095450525634859,31.025297674958463,0.09516962476981124,0.003067484662576687
xy003,-23.48485,639,0.006012646317136513,94.08325982093811,0.28859895650594514,28.523675588636344,0.08749593738845504,0.003067484662576687
xy003,-23.48485,233,0.002192404682148369,54.28427040576935,0.16651616688886303,17.22396045987371,0.052834234539489905,0.003067484662576687
xy003,-23.48485,1436,0.013511987654785654,148.08326053619385,0.45424313047912224,42.75946662716566,0.13116400805879036,0.003067484662576687
xy003,-23.48485,2519,0.023702435168805755,219.92387974262238,0.674613128044854,56.632944592241316,0.17372068893325557,0.003067484662576687
xy003,-23.48485,178,0.001674884263615492,47.69848394393921,0.1463143679261939,15.054455784347004,0.04617931222192333,0.003067484662576687
xy003,-23.48485,616,0.005796228687568219,93.98275589942932,0.2882906622681881,28.00563442518059,0.08590685406497114,0.003067484662576687
xy003,-23.48485,581,0.005466897512138207,87.8406195640564,0.2694497532639767,27.19838553096727,0.08343063046308978,0.003067484662576687
xy003,-23.48485,763,0.007179419624374272,101.25483286380768,0.31059764682149593,31.1686023528956,0.0956092096714589,0.003067484662576687
xy003,-23.48485,3036,0.028567127103014796,214.55129599571228,0.6581328098027984,62.173589713124606,0.1907165328623454,0.003067484662576687
xy003,-23.48485,1806,0.016993488652188644,158.5096663236618,0.486225970317981,47.95279572445911,0.14709446541245125,0.003067484662576687
xy003,-23.48485,3172,0.02984681395611427,217.480229139328,0.6671172672985521,63.55089170027385,0.1949413855836621,0.003067484662576687
xy003,-23.48485,920,0.008656705182731756,111.1543276309967,0.34096419518710647,34.225434710991614,0.10498599604598655,0.003067484662576687
xy003,-23.48485,3346,0.03148406037110919,221.23758780956268,0.6786429073912966,65.27066352262595,0.20021675927185875,0.003067484662576687
xy003,-23.48485,560,0.005269298806880199,91.98275518417358,0.2821556907489987,26.702324712498182,0.08190897151073062,0.003067484662576687
xy003,-23.48485,2605,0.02451164891414807,190.85281312465668,0.585438077069499,57.59157068560553,0.17666125977179611,0.003067484662576687
xy003,-23.48485,5386,0.05067936316760135,287.76449942588806,0.8827131884229695,82.81103904639518,0.2540215921668564,0.003067484662576687
xy003,-23.48485,1202,0.011310173510482142,129.2964630126953,0.3966149172168568,39.1207608920336,0.12000233402464296,0.003067484662576687
xy003,-23.48485,4484,0.04219202830366217,256.75230741500854,0.7875837650767133,75.55928876446939,0.23177695940021284,0.003067484662576687
xy003,-23.48485,2344,0.02205577929165569,202.02438533306122,0.6197067034756479,54.630334914397345,0.16757771446134156,0.003067484662576687
xy003,-23.48485,2259,0.021255975008468517,181.15432786941528,0.5556881222988199,53.63066409766648,0.1645112395633941,0.003067484662576687
xy003,-23.48485,287,0.0027005156385261023,61.11269783973694,0.1874622633120765,19.115955360352558,0.05863789987838208,0.003067484662576687
xy003,-23.48485,1044,0.009823478489969515,128.66904640197754,0.3946903263864342,36.45904667847899,0.11183756649840182,0.003067484662576687
xy003,-23.48485,160,0.0015055139448229141,45.21320295333862,0.1386908066053332,14.27299292922217,0.04378218689945451,0.003067484662576687
xy003,-23.48485,3235,0.030439610071888296,224.55129671096802,0.6888076586226013,64.17889004352017,0.19686776086969376,0.003067484662576687
xy003,-23.48485,563,0.005297527193345629,97.94112467765808,0.30043289778422727,26.77375326109316,0.08212807748801583,0.003067484662576687
xy003,-23.48485,3093,0.02910346644585796,216.61017203330994,0.6644483804702759,62.75452104721905,0.19249853081969034,0.003067484662576687
xy003,-23.48485,1027,0.00966351763333208,136.0832600593567,0.41743331306551135,36.16098743733379,0.11092327434764966,0.003067484662576687
xy003,-23.48485,4518,0.042511950016937035,253.03657746315002,0.7761858204391106,75.84521252599576,0.23265402615336125,0.003067484662576687
xy003,-23.48485,2420,0.022770898415446578,227.15432751178741,0.6967924156803295,55.50891548444353,0.1702727468847961,0.003067484662576687
xy003,-23.48485,3336,0.03138996574955776,220.0660150051117,0.6750491257825513,65.17305517801435,0.19991734717182316,0.003067484662576687
xy003,-23.48485,3139,0.029536301704994546,252.16652035713196,0.7735169336108343,63.21945057435786,0.19392469501336768,0.003067484662576687
xy003,-23.48485,8193,0.07709172343708835,343.17871284484863,1.0526954381743823,102.13545706567915,0.31329894805423053,0.003067484662576687
xy003,-23.48485,3595,0.033827016447739854,275.0954524278641,0.8438510810670677,67.65571789082509,0.20753287696572112,0.003067484662576687
xy003,-23.48485,2330,0.021924046821483686,180.9533178806305,0.5550715272411978,54.46694538188211,0.1670765195763255,0.003067484662576687
xy003,-23.48485,2163,0.02035266664157477,185.9827550649643,0.5704992486655347,52.478730312976865,0.16097770034655481,0.003067484662576687
xy004,-22.9798,2280,0.021453573713726526,214.61017262935638,0.6583134129734859,53.87936675570873,0.16527413115248077,0.003067484662576687
xy004,-22.9798,2448,0.023034363355790587,184.36753046512604,0.5655445719789143,55.82911790017533,0.17125496288397343,0.003067484662576687
xy004,-22.9798,1971,0.018546049907787274,194.75230622291565,0.597399712340232,50.09546030004122,0.15366705613509576,0.003067484662576687
xy004,-22.9798,221,0.00207949113628665,58.14213538169861,0.17835010853281782,16.774562271083887,0.05145571248798739,0.003067484662576687
xy004,-22.9798,326,0.0030674846625766876,70.04163002967834,0.21485162585790904,20.37341629633241,0.06249514201328961,0.003067484662576687
xy004,-22.9798,2448,0.023034363355790587,193.6812390089035,0.594114230088661,55.82911790017533,0.17125496288397343,0.003067484662576687
xy004,-22.9798,1273,0.01197824532349731,149.15432822704315,0.4575286141933839,40.25958197060499,0.12349565021657972,0.003067484662576687
xy004,-22.9798,642,0.006040874703601943,100.66904664039612,0.3088007565656323,28.590554169515052,0.08770108640955537,0.003067484662576687
xy004,-22.9798,1224,0.011517181677895293,143.98275482654572,0.4416648921059685,39.477147854877245,0.12109554556710811,0.003067484662576687
xy004,-22.9798,5622,0.05289999623621514,281.42135417461395,0.8632556876521901,84.60586693900775,0.2595271991994103,0.003067484662576687
xy004,-22.9798,2457,0.023119048515186875,192.02438473701477,0.5890318550215177,55.93165080179821,0.17156948098711108,0.003067484662576687
xy004,-22.9798,2630,0.024746885468026652,200.99494743347168,0.6165489185075819,57.8672619246278,0.17750693841910367,0.003067484662576687
xy004,-22.9798,702,0.006605442432910536,109.25483345985413,0.3351375259504728,29.896724911001275,0.09170774512577079,0.003067484662576687
xy004,-22.9798,1111,0.01045391245436411,127.8406194448471,0.3921491394013715,37.61075822422045,0.11537042400067622,0.003067484662576687
xy004,-22.9798,3880,0.03650871316195567,247.01219284534454,0.7577061130225293,70.2863388829752,0.21560226651219389,0.003067484662576687
xy004,-22.9798,4676,0.043998645037449664,283.68123948574066,0.8701878511832536,77.16001627255933,0.23668716648024335,0.003067484662576687
xy004,-22.9798,3596,0.033836425909894996,223.13708341121674,0.6844695810160023,67.66512693306387,0.20756173905847813,0.003067484662576687
xy004,-22.9798,12614,0.11869095562497649,467.2619732618332,1.4333189363859915,126.73059463795371,0.38874415533114637,0.003067484662576687
xy004,-22.9798,1901,0.01788738755692725,166.85281193256378,0.5118184415109318,49.197849287764036,0.15091364812197558,0.003067484662576687
xy004,-22.9798,1697,0.015967857277278032,159.39696836471558,0.48894775571998644,46.48319596817296,0.14258649069991705,0.003067484662576687
xy004,-22.9798,906,0.008524972712559751,113.39696872234344,0.34784346233847685,33.96402549065787,0.10418412727195665,0.003067484662576687
xy004,-22.9798,4393,0.04133576724754413,268.6345582008362,0.8240323871191294,74.78864432533571,0.2294130194028703,0.003067484662576687
xy004,-22.9798,2262,0.021284203394933948,178.16652047634125,0.546523068945832,53.66626361310184,0.16462044053098723,0.003067484662576687
xy004,-22.9798,1744,0.016410101998569765,157.78174459934235,0.4839930815930747,47.12249745098538,0.14454753819320668,0.003067484662576687
xy004,-22.9798,5881,0.055337046934397234,294.048770070076,0.9019900922394969,86.53277854424583,0.26543797099461913,0.003067484662576687
xy004,-22.9798,1329,0.01250517520418533,141.15432786941528,0.4329887357957524,41.135572865258986,0.1261827388504877,0.003067484662576687
xy004,-22.9798,893,0.00840264970454289,117.01219248771667,0.35893310579054194,33.71947380147709,0.1034339687161874,0.003067484662576687
xy004,-22.9798,956,0.008995445820316911,123.5979790687561,0.37913490511888376,34.88863718700998,0.10702035946935576,0.003067484662576687
xy004,-22.9798,1552,0.014603485264782267,160.3675308227539,0.49192494117409175,44.45298385293132,0.13635884617463595,0.003067484662576687
xy004,-22.9798,1879,0.017680379389514098,167.53910398483276,0.5139236318553152,48.91234102511728,0.15003785590526772,0.003067484662576687
xy004,-22.9798,2360,0.022206330686137983,182.46803653240204,0.5597179034736259,54.816469473826785,0.16814867936756683,0.003067484662576687
xy004,-22.9798,2517,0.023683616244495467,186.12489092350006,0.5709352482315952,56.610457815658094,0.17365171109097574,0.003067484662576687
xy004,-22.9798,1773,0.016682976401068916,156.26702618598938,0.479346706091992,47.51266897171157,0.1457443833488085,0.003067484662576687
xy004,-22.9798,1768,0.0166359290902932,165.5391035079956,0.5077886610674712,47.445626933277715,0.14553873292416478,0.003067484662576687
xy004,-22.9798,2335,0.0219710941322594,190.02438533306122,0.5828968875247277,54.525354991568875,0.16725569015818673,0.003067484662576687
xy004,-22.9798,7419,0.0698087997290075,361.88939118385315,1.1100901570056845,97.19137915674503,0.2981330648979909,0.003067484662576687
xy004,-22.9798,1465,0.013784862057284807,149.88224935531616,0.4597615010899269,43.18907191682884,0.13248181569579398,0.003067484662576687
xy004,-22.9798,421,0.003961383567315293,79.69848394393921,0.24447387712864788,23.152404806704283,0.07101964664633216,0.003067484662576687
xy004,-22.9798,2204,0.020738454589935642,174.0243843793869,0.5338171299981194,52.97376668310739,0.16249621681934784,0.003067484662576687
xy004,-22.9798,1648,0.015506793631676015,165.49747383594513,0.5076609626869483,45.80719124464573,0.14051285657866788,0.003067484662576687
xy004,-22.9798,2499,0.02351424592570289,187.05382251739502,0.573784731648451,56.40767343449978,0.17302967311196252,0.003067484662576687
xy004,-22.9798,2144,0.02017388686062705,177.396968126297,0.5441624789150215,52.247732811215734,0.160269119052809,0.003067484662576687
xy004,-22.9798,2239,0.021067785765365655,176.95331799983978,0.5428015889565637,53.392727413590976,0.16378137243432814,0.003067484662576687
xy004,-22.9798,2507,0.023589521622944035,187.1959581375122,0.5742207304831662,56.49788968316474,0.1733064100710575,0.003067484662576687
xy004,-22.9798,1729,0.016268960066242615,167.19595766067505,0.5128710357689419,46.91941147166166,0.14392457506644682,0.003067484662576687
xy004,-22.9798,2915,0.027428582182242468,202.65180087089539,0.6216312910150166,60.92202617200941,0.18687738089573439,0.003067484662576687
xy004,-22.9798,1828,0.017200496819601795,169.98275482654572,0.5214194933329623,48.243982917830046,0.14798767766205537,0.003067484662576687
xy004,-22.9798,2426,0.022827355188377436,189.9238806962967,0.5825885910929347,55.57768558987955,0.1704836981284649,0.003067484662576687
xy004,-22.9798,1858,0.01748278068425609,174.87005722522736,0.5364112184822926,48.638247029656945,0.1491970767780888,0.003067484662576687
xy004,-22.9798,3510,0.03302721216455268,225.13708329200745,0.6906045499754829,66.8511092056102,0.20506475216444847,0.003067484662576687
xy004,-22.9798,2448,0.023034363355790587,221.13708233833313,0.6783346083997949,55.82911790017533,0.17125496288397343,0.003067484662576687
xy004,-22.9798,2672,0.025142082878542665,197.43859958648682,0.6056398760321682,58.32748977568257,0.17891868029350483,0.003067484662576687
xy004,-22.9798,3176,0.029884451804734844,210.8944422006607,0.6469154668731923,63.59094899495428,0.19506426072071867,0.003067484662576687
xy004,-22.9798,4418,0.041571003801422715,254.50966560840607,0.780704495731307,75.00114871546934,0.2300648733603354,0.003067484662576687
xy004,-22.9798,3755,0.03533253039256277,244.4091625213623,0.7497213574274918,69.14488043579608,0.21210086023250332,0.003067484662576687
xy004,-22.9798,1810,0.017031126500809218,173.92388010025024,0.5335088346633443,48.0058702240741,0.14725727062599417,0.003067484662576687
xy004,-22.9798,3225,0.03034551545033686,219.33809328079224,0.6728162370576449,64.07961869245868,0.1965632475228794,0.003067484662576687
xy004,-22.9798,2916,0.02743799164439761,241.82337474822998,0.74178949309273,60.93247502315768,0.18690943258637324,0.003067484662576687
xy004,-22.9798,2189,0.020597312657608495,205.69848465919495,0.6309769468073465,52.793194290791604,0.16194231377543436,0.003067484662576687
xy004,-22.9798,2206,0.020757273514245927,176.75230729579926,0.5421849917049057,52.997796517268235,0.16256992796708047,0.003067484662576687
xy004,-22.9798,1616,0.015205690842711433,158.12489068508148,0.48504567694810274,45.36028113109555,0.1391419666598023,0.003067484662576687
xy004,-22.9798,4572,0.04302006097331477,262.4924238920212,0.8051914843313533,76.29712444469428,0.23404025903280454,0.003067484662576687
xy004,-22.9798,3162,0.02975271933456284,222.55129849910736,0.6826726947825379,63.450637825419726,0.1946338583601832,0.003067484662576687
xy004,-22.9798,1689,0.015892581580036886,160.42640590667725,0.49210553959103454,46.37350095752627,0.14225000293719714,0.003067484662576687
xy004,-22.9798,4061,0.03821182581203659,240.59292650222778,0.7380151119700239,71.90706356937054,0.22057381462997097,0.003067484662576687
xy004,-22.9798,9143,0.0860307124844744,506.19090592861176,1.5527328402718152,107.89452793127923,0.330964809605151,0.003067484662576687
xy004,-22.9798,307,0.0028887048816289666,64.28427076339722,0.1971910146116479,19.77080019204319,0.06064662635596071,0.003067484662576687
xy004,-22.9798,3998,0.03761902969626257,248.40916121006012,0.7619912920553992,71.34712117423646,0.21885619992097075,0.003067484662576687
xy004,-22.9798,3056,0.02875531634611766,216.08326017856598,0.662832086437319,62.37804139848138,0.19134368527141526,0.003067484662576687
xy004,-22.9798,4551,0.04282246226805676,250.45079100131989,0.7682539601267482,76.12169971886942,0.23350214637690006,0.003067484662576687
xy004,-22.9798,3183,0.029950318039820848,222.5096653699875,0.6825449857975077,63.66098861070273,0.19527910616779978,0.003067484662576687
xy004,-22.9798,2021,0.019016523015544434,172.8528128862381,0.5302233524117733,50.72688754408025,0.15560394952171855,0.003067484662576687
xy004,-22.9798,4715,0.044365614061500254,287.480228304863,0.8818411911192116,77.48112320705148,0.23767215707684505,0.003067484662576687
xy004,-22.9798,738,0.006944183070495691,102.9116872549057,0.31568002225431196,30.653723819701746,0.09402982766779677,0.003067484662576687
xy004,-22.9798,2235,0.02103014791674508,203.33809292316437,0.6237364813594,53.34501272361915,0.16363500835465997,0.003067484662576687
xy004,-22.9798,3429,0.03226504572998608,240.79393780231476,0.7386317110500453,66.07524800480792,0.20268480983069914,0.003067484662576687
xy004,-22.9798,4022,0.037844856787986006,243.03657865524292,0.7455109774700703,71.56094918965807,0.21951211407870574,0.003067484662576687
xy004,-22.9798,1839,0.01730400090330837,170.95331692695618,0.5243966776900496,48.3889194213713,0.14843226816371563,0.003067484662576687
xy004,-22.9798,911,0.008572020023335467,118.42640590667725,0.36327118376281364,34.05761625912379,0.10447121551878463,0.003067484662576687
xy004,-22.9798,6143,0.05780232601904476,300.93607330322266,0.9231167892736891,88.43930417697838,0.27128620913183554,0.003067484662576687
xy004,-22.9798,3088,0.029056419135082244,220.65180265903473,0.6768460204264869,62.70377751094572,0.192342875800447,0.003067484662576687
xy004,-22.9798,1151,0.010830290940569838,144.3259016275406,0.4427174896550325,38.28183271462029,0.11742893470742422,0.003067484662576687
xy004,-22.9798,1253,0.011790056080394446,135.3969682455063,0.4153281234524733,39.94207242436425,0.12252169455326457,0.003067484662576687
xy004,-22.9798,4537,0.04269072979788476,272.8355678319931,0.8369189197300402,76.00452496044846,0.23314271460260266,0.003067484662576687
xy004,-22.9798,5107,0.04805412322631639,280.8771961927414,0.8615864913887773,80.63767329829449,0.24735482606838802,0.003067484662576687
xy004,-22.9798,1416,0.01332379841168279,163.15432929992676,0.5004734027605116,42.46065467400368,0.1302474069754714,0.003067484662576687
xy004,-22.9798,5669,0.05334224095750688,285.2792193889618,0.8750896300274902,84.95878400203028,0.2606097668773935,0.003067484662576687
xy004,-22.9798,1177,0.011074936956603562,135.53910422325134,0.4157641233842066,38.71179334716084,0.11874783235325412,0.003067484662576687
xy004,-22.9798,6967,0.06555572283488277,350.3330420255661,1.074641233207258,94.18418077453282,0.2889085299832295,0.003067484662576687
xy004,-22.9798,2294,0.02158530618389853,196.76955211162567,0.6035875831644959,54.044532707966525,0.16578077517781142,0.003067484662576687
xy004,-22.9798,2624,0.02469042869509579,217.39696860313416,0.6668618668807796,57.801215950748535,0.1773043434072041,0.003067484662576687
xy004,-22.9798,2115,0.019901012458127896,181.59797930717468,0.557049016279677,51.893175246027,0.15918151915959203,0.003067484662576687
xy004,-22.9798,415,0.0039049267943844336,77.25483345985413,0.2369780167480188,22.98683125324351,0.0705117523105629,0.003067484662576687
xy004,-22.9798,4912,0.046219278106063466,263.52186024188995,0.8083492645456747,79.08320076817276,0.24258650542384283,0.003067484662576687
xy004,-22.9798,3874,0.03645225638902481,240.75230717658997,0.738504009744141,70.23197274962466,0.2154354992319775,0.003067484662576687
xy004,-22.9798,1260,0.011855922315480449,136.56854116916656,0.41892190542689134,40.05348706874727,0.12286345726609593,0.003067484662576687
xy004,-22.9798,3507,0.03299898377808725,227.7817438840866,0.6987170057794068,66.82253424845706,0.20497709892164742,0.003067484662576687
xy004,-22.9798,445,0.00418721065903873,79.69848418235779,0.24447387785999322,23.803184606416586,0.07301590370066438,0.003067484662576687
xy004,-22.9798,524,0.004930558169295044,92.18376517295837,0.2827722858066208,25.829779740470595,0.0792324531916276,0.003067484662576687
xy004,-22.9798,2207,0.020766682976401073,190.36753129959106,0.5839494825140831,53.00980734949434,0.16260677101071883,0.003067484662576687
xy004,-22.9798,1918,0.018047348413564684,179.0538226366043,0.5492448547135101,49.41733953585565,0.15158693109158175,0.003067484662576687
xy004,-22.9798,933,0.008779028190748618,129.09545230865479,0.39599831996519874,34.46639660942099,0.10572514297368402,0.003067484662576687
xy004,-22.9798,1657,0.015591478791072304,180.9116872549057,0.5549438259352936,45.93210125420091,0.1408960161171807,0.003067484662576687
xy004,-22.9798,438,0.004121344423952728,79.5979791879654,0.24416558033118219,23.615226456547084,0.07243934495873339,0.003067484662576687
xy004,-22.9798,1094,0.010293951597726675,120.81118249893188,0.37058644938322666,37.32189788770486,0.11448434934878791,0.003067484662576687
xy004,-22.9798,6347,0.059721856298693976,346.8355678319931,1.063912784760715,89.89578071541554,0.2757539285748943,0.003067484662576687
xy004,-22.9798,4806,0.045221875117618285,274.6518018245697,0.8424901896459194,78.22524689636455,0.23995474508087286,0.003067484662576687
xy004,-22.9798,789,0.007424065640407995,113.01219272613525,0.3466631678715805,31.695204697178458,0.0972245542858235,0.003067484662576687
xy004,-22.9798,888,0.008355602393767174,117.396968126297,0.36011339916042023,33.62494186946387,0.10314399346461309,0.003067484662576687
xy004,-22.9798,4400,0.04140163348263014,278.5929272174835,0.8545795313419741,74.84820637019111,0.22959572506193593,0.003067484662576687
xy004,-22.9798,6904,0.06496292671910875,323.32084691524506,0.9917817390038192,93.75737739960287,0.28759931717669596,0.003067484662576687
xy004,-22.9798,5949,0.055976890360946975,294.4507921934128,0.903223288936849,87.03161524198826,0.26696814491407445,0.003067484662576687
xy004,-22.9798,2871,0.027014565847416166,213.58073472976685,0.6551556280054198,60.460489023284055,0.18546162277081,0.003067484662576687
xy004,-22.9798,6046,0.05688960818999587,379.9655110836029,1.1655383775570642,87.73828290700014,0.26913583713803724,0.003067484662576687
xy004,-22.9798,4155,0.039096315254620054,250.59292769432068,0.7686899622525174,72.73451937267889,0.22311202261557941,0.003067484662576687
xy004,-22.9798,2764,0.026007753396815842,202.85281264781952,0.6222478915577286,59.323132938576244,0.18197280042508052,0.003067484662576687
xy004,-22.9798,2112,0.019872784071662465,181.78174364566803,0.5576127105695339,51.856358515428596,0.15906858440315522,0.003067484662576687
xy004,-22.9798,2682,0.025236177500094097,213.5391048192978,0.6550279288935515,58.43653359825261,0.17925317054678716,0.003067484662576687
xy004,-22.9798,6254,0.05884677631826565,338.2914100885391,1.0377037119280341,89.23474722760024,0.2737262184895713,0.003067484662576687
xy004,-22.9798,2098,0.01974105160149046,178.50966703891754,0.5475756657635508,51.68420034066863,0.15854049184254182,0.003067484662576687
xy004,-22.9798,569,0.005353983966276488,94.7695517539978,0.29070414648465587,26.916041702938184,0.08256454510103738,0.003067484662576687
xy004,-22.9798,604,0.005683315141706501,91.94112467765808,0.28202798980876714,27.73151068766428,0.08506598370449166,0.003067484662576687
xy004,-22.9798,8440,0.07941586058940872,354.0071395635605,1.0859114710538667,103.66359899967189,0.31798649999899353,0.003067484662576687
xy004,-22.9798,15735,0.14805788701117847,726.2914105653763,2.2278877624704796,141.543011966002,0.43418101830061967,0.003067484662576687
xy004,-22.9798,3171,0.02983740449395913,223.72286915779114,0.6862664698091753,63.540873430849224,0.19491065469585653,0.003067484662576687
xy004,-22.9798,1013,0.009531785163160075,167.15432798862457,0.5127433373884189,35.91366952591617,0.11016463044759561,0.003067484662576687
xy005,-22.47475,2997,0.02820015807896421,225.88224947452545,0.6928903358114278,61.77296265819928,0.18948761551594873,0.003067484662576687
xy005,-22.47475,6641,0.06248823817230608,549.7888841629028,1.6864689698248554,91.9542484966639,0.2820682469222819,0.003067484662576687
xy005,-22.47475,1532,0.014415296021679402,157.94112503528595,0.48448197863584647,44.16563123667847,0.13547739643152906,0.003067484662576687
xy005,-22.47475,2404,0.022620347020964285,190.8528128862381,0.5854380763381537,55.3251106238689,0.16970892829407638,0.003067484662576687
xy005,-22.47475,2019,0.018997704091234146,176.18376553058624,0.5404409985600805,50.70178143635876,0.1555269369213459,0.003067484662576687
xy005,-22.47475,1009,0.009494147314539502,122.76955187320709,0.37659371740247577,35.84269382507095,0.10994691357383728,0.003067484662576687
xy005,-22.47475,4497,0.04231435131167903,268.85281252861023,0.8247018789221173,75.6687401287614,0.2321126997814767,0.003067484662576687
xy005,-22.47475,4309,0.04054537242651211,259.8822491168976,0.7971848132420172,74.07016402212038,0.22720909209239382,0.003067484662576687
xy005,-22.47475,5147,0.04843050171252212,317.4802300930023,0.9738657364816022,80.952850084181,0.24832162602509508,0.003067484662576687
xy005,-22.47475,1555,0.014631713651247697,163.19595777988434,0.5006010974843078,44.495926690689096,0.13649057267082546,0.003067484662576687
xy005,-22.47475,2008,0.018894200007527572,179.05382335186005,0.5492448569075462,50.56347501733051,0.15510268410224085,0.003067484662576687
xy005,-22.47475,3922,0.03690391057247168,251.27921986579895,0.7707951529625735,70.66573069353566,0.2167660450721953,0.003067484662576687
xy005,-22.47475,596,0.005608039444465355,93.01219296455383,0.2853134753513921,27.547246117573295,0.08450075496188128,0.003067484662576687
xy005,-22.47475,5705,0.053680981595092034,291.4629856348038,0.8940582381435699,85.2281150953962,0.2614359358754485,0.003067484662576687
xy005,-22.47475,1571,0.014782265045729989,169.15432798862457,0.5188783067135723,44.724258795187886,0.13719097789934934,0.003067484662576687
xy005,-22.47475,1186,0.011159622115999851,137.154327750206,0.420718796779773,38.85951749643713,0.11920097391545131,0.003067484662576687
xy005,-22.47475,1156,0.010877338251345554,139.5979790687561,0.42821465972011075,38.36489168124743,0.11768371681364242,0.003067484662576687
xy005,-22.47475,2487,0.023401332379841173,194.61017179489136,0.5969637171622434,56.2720778695469,0.17261373579615613,0.003067484662576687
xy005,-22.47475,2346,0.02207459821596598,186.71067702770233,0.5727321381217864,54.653636401878074,0.1676491914168039,0.003067484662576687
xy005,-22.47475,516,0.004855282472053898,87.69848430156708,0.2690137555262794,25.631847476983474,0.07862529900915176,0.003067484662576687
xy005,-22.47475,2749,0.02586661146448869,227.05382251739502,0.6964841181515184,59.16194307556981,0.18147835299254544,0.003067484662576687
xy005,-22.47475,3273,0.030797169633783737,227.62236511707306,0.6982281138560523,64.55472895085369,0.1980206409535389,0.003067484662576687
xy005,-22.47475,1579,0.014857540742971133,176.95331752300262,0.5428015874938731,44.83798881681494,0.13753984299636485,0.003067484662576687
xy005,-22.47475,2413,0.022705032180360574,190.50966620445251,0.5843854791547624,55.42857585619486,0.1700263063073462,0.003067484662576687
xy005,-22.47475,1172,0.011027889645827845,142.8111822605133,0.43807111122856845,38.62948027646257,0.1184953382713576,0.003067484662576687
xy005,-22.47475,5024,0.0472731378674395,372.00713992118835,1.141126196077265,79.97971913397457,0.24533656176065818,0.003067484662576687
xy005,-22.47475,2501,0.023533064850013177,193.0954532623291,0.5923173412954881,56.43024101829304,0.17309889882911975,0.003067484662576687
xy005,-22.47475,598,0.005626858368775641,93.94112467765808,0.2881629591339205,27.59342761875783,0.0846424160084596,0.003067484662576687
xy005,-22.47475,3968,0.03733674583160827,274.2081506252289,0.8411292963964077,71.07893157264765,0.2180335324314345,0.003067484662576687
xy005,-22.47475,25615,0.2410233731039934,697.4945105314255,2.139553713286581,180.59355176304382,0.553967950193386,0.003067484662576687
xy005,-22.47475,975,0.009174225601264633,124.6690468788147,0.3824203891988181,35.233628199729644,0.10807861410960014,0.003067484662576687
xy005,-22.47475,2894,0.02723098347698446,207.43859887123108,0.636314720463899,60.70218482446543,0.18620302093394303,0.003067484662576687
xy005,-22.47475,3387,0.03186984831947006,228.2670258283615,0.7002056007004954,65.66934092876215,0.20143969610049742,0.003067484662576687
xy005,-22.47475,774,0.007282923708080847,104.56854176521301,0.32076239805280066,31.39247374172695,0.0962959317230888,0.003067484662576687
xy005,-22.47475,2469,0.023231962061048595,191.0365778207779,0.586001772456374,56.06806966492709,0.17198794375744506,0.003067484662576687
xy005,-22.47475,1355,0.012749821220219055,153.09545397758484,0.4696179569864566,41.53600345623234,0.127411053546725,0.003067484662576687
xy005,-22.47475,579,0.00544807858782792,95.59797883033752,0.2932453338353912,27.151532118863187,0.08328690834007113,0.003067484662576687
xy005,-22.47475,453,0.004262486356279876,90.04163014888763,0.27620131947511545,24.016192740836935,0.07366930288600287,0.003067484662576687
xy005,-22.47475,1032,0.009710564944107797,130.9116871356964,0.40156959244078655,36.24890633062862,0.11119296420438228,0.003067484662576687
xy005,-22.47475,440,0.004140163348263014,84.28427064418793,0.25854070749750896,23.66908109081279,0.07260454322335211,0.003067484662576687
xy005,-22.47475,4905,0.04615341187097746,273.92388010025024,0.840257300921013,79.0268306774729,0.24241359103519294,0.003067484662576687
xy005,-22.47475,3556,0.033460047423689264,242.06601536273956,0.7425337894562564,67.2877390100027,0.2064041073926463,0.003067484662576687
xy005,-22.47475,5641,0.05307877601716287,395.4213548898697,1.2129489413799683,84.74871250851575,0.2599653757929931,0.003067484662576687
xy005,-22.47475,1004,0.009447100003763786,134.46803605556488,0.4124786382072542,35.75377606511099,0.10967415970892942,0.003067484662576687
xy005,-22.47475,1086,0.01021867590048553,131.88224959373474,0.40454677789489185,37.18518717960671,0.11406499134848684,0.003067484662576687
xy005,-22.47475,1394,0.013116790244269639,148.911687374115,0.45678431709851225,42.129513709047444,0.12923163714431732,0.003067484662576687
xy005,-22.47475,4587,0.04316120290564192,266.12488996982574,0.816334018312349,76.42218128070012,0.2344238689592028,0.003067484662576687
xy005,-22.47475,231,0.0021735857578380822,55.79898953437805,0.17116254458398175,17.14987856615383,0.052606989466729544,0.003067484662576687
xy005,-22.47475,3397,0.03196394294102149,233.37972378730774,0.7158887232739501,65.76621270428568,0.2017368487861524,0.003067484662576687
xy005,-22.47475,3779,0.0355583574842862,240.06601512432098,0.7363988193997576,69.36549747211635,0.21277759960771886,0.003067484662576687
xy005,-22.47475,10114,0.09516730023711846,517.362478852272,1.5870014688720002,113.47927015737912,0.3480959207281568,0.003067484662576687
xy005,-22.47475,381,0.0035850050811095644,73.69848430156708,0.22606897025020575,22.025082668269306,0.06756160327689971,0.003067484662576687
xy005,-22.47475,4518,0.042511950016937035,292.4091614484787,0.8969606179401187,75.84521252599576,0.23265402615336125,0.003067484662576687
xy005,-22.47475,1960,0.018442545824080697,198.75230622291565,0.6096696509905388,49.955475252277594,0.1532376541480908,0.003067484662576687
xy005,-22.47475,3161,0.029743309872407697,225.05382251739502,0.6903491488263651,63.440603724332966,0.19460307890899683,0.003067484662576687
xy005,-22.47475,1038,0.009767021717038655,136.42640614509583,0.41848590842053934,36.3541283410165,0.11151573110741257,0.003067484662576687
xy005,-22.47475,1015,0.009550604087470362,128.0832600593567,0.3928934357648978,35.949104827605794,0.11027332769204232,0.003067484662576687
xy005,-22.47475,5133,0.04829876924235011,309.8650047779083,0.9505061496254856,80.84267798091297,0.2479836747880766,0.003067484662576687
xy005,-22.47475,3901,0.036706311867213674,248.02438497543335,0.7608109968571576,70.47629008405501,0.2161849389081442,0.003067484662576687
xy005,-22.47475,872,0.008205050999284882,113.49747383594513,0.3481517602329605,33.32063749403756,0.10221054446023792,0.003067484662576687
xy005,-22.47475,5202,0.048948022131054994,283.137082695961,0.8685186585765675,81.38422520189226,0.2496448625824916,0.003067484662576687
xy005,-22.47475,6314,0.05941134404757425,326.97770285606384,1.0029990885155333,89.6617782862788,0.2750361297125117,0.003067484662576687
xy005,-22.47475,1190,0.011197259964620425,151.63960886001587,0.4651521744172266,38.92499271977894,0.11940181815883111,0.003067484662576687
xy005,-22.47475,4162,0.03916218148970605,257.0782073736191,0.7885834582012855,72.79576213755679,0.22329988385753619,0.003067484662576687
xy005,-22.47475,4205,0.03956678836237721,268.89444267749786,0.8248295787653309,73.17084313858464,0.224450439075413,0.003067484662576687
xy005,-22.47475,618,0.005815047611878506,99.74011480808258,0.30595127241743125,28.05106127486678,0.0860462002296527,0.003067484662576687
xy005,-22.47475,2005,0.01886597162106214,177.33809387683868,0.5439818830577874,50.525689378711114,0.15498677723531018,0.003067484662576687
xy005,-22.47475,3227,0.03036433437464715,233.8822499513626,0.717430214574732,64.09948526205473,0.19662418792041328,0.003067484662576687
xy005,-22.47475,2774,0.026101848018367273,217.25483286380768,0.6664258676803917,59.43034996611867,0.18230168701263397,0.003067484662576687
xy005,-22.47475,4827,0.04541947382287629,265.5218594074249,0.8144842313111195,78.39596470760871,0.24047841934849298,0.003067484662576687
xy005,-22.47475,2527,0.0237777108660469,199.05382335186005,0.6105945501590799,56.72280255369754,0.17399632685183294,0.003067484662576687
xy005,-22.47475,2349,0.02210282660243141,190.2253955602646,0.583513483313695,54.68857001771848,0.1677563497476027,0.003067484662576687
xy005,-22.47475,3408,0.03206744702472807,229.78174567222595,0.7048519805896502,65.872607117507,0.20206321201689265,0.003067484662576687
xy005,-22.47475,4348,0.04091234145056269,303.52185904979706,0.9310486473920155,74.40460698443671,0.22823499074980585,0.003067484662576687
xy005,-22.47475,2264,0.021303022319244237,181.53910410404205,0.5568684174970615,53.68998350977963,0.16469320095024426,0.003067484662576687
xy005,-22.47475,4065,0.038249463660657165,257.2375875711441,0.789072354512712,71.94246832955092,0.22068241818880652,0.003067484662576687
xy005,-22.47475,5622,0.05289999623621514,341.56348872184753,1.0477407629504525,84.60586693900775,0.2595271991994103,0.003067484662576687
xy005,-22.47475,893,0.00840264970454289,117.15432786941528,0.3593691038939119,33.71947380147709,0.1034339687161874,0.003067484662576687
xy005,-22.47475,2763,0.0259983439346607,218.16652011871338,0.6692224543518815,59.31240057612957,0.18193987906788212,0.003067484662576687
xy005,-22.47475,1010,0.009503556776694646,131.15432798862457,0.4023138895356582,35.86045091995518,0.11000138319004656,0.003067484662576687
xy005,-22.47475,4843,0.04557002521735858,279.3797231912613,0.8569930159241144,78.52578630712584,0.24087664511388296,0.003067484662576687
xy005,-22.47475,5654,0.05320109902517973,356.85281217098236,1.0946405281318479,84.84631038491074,0.2602647557819348,0.003067484662576687
xy005,-22.47475,1245,0.0117147803831533,146.56854152679443,0.4495967531496762,39.81435963562993,0.12212993753260715,0.003067484662576687
xy005,-22.47475,2156,0.020286800406488767,211.23758780956268,0.6479680607655297,52.39374445913377,0.16071700754335513,0.003067484662576687
xy005,-22.47475,3527,0.03318717302119011,237.8650063276291,0.7296472586737088,67.01280380853288,0.20556074787893522,0.003067484662576687
xy005,-22.47475,3368,0.03169106853852234,224.40916121006012,0.6883716601535587,65.48488975838646,0.20087389496437563,0.003067484662576687
xy005,-22.47475,5011,0.04715081485942264,268.2081515789032,0.8227243913463288,79.87617516298525,0.24501894221774617,0.003067484662576687
xy005,-22.47475,1124,0.010576235462380972,135.94112467765808,0.4169973149621414,37.83016320718592,0.11604344542081571,0.003067484662576687
xy005,-22.47475,2206,0.020757273514245927,231.63960909843445,0.7105509481547069,52.997796517268235,0.16256992796708047,0.003067484662576687
xy005,-22.47475,2868,0.026986337460950735,220.3086564540863,0.6757934247057862,60.4288922147382,0.1853647000452092,0.003067484662576687
xy005,-22.47475,2887,0.027165117241898455,205.78174471855164,0.6312323457624284,60.62872723099517,0.18597769089262323,0.003067484662576687
xy005,-22.47475,609,0.005730362452482217,97.94112491607666,0.3004328985155726,27.846056861676377,0.08541735233643061,0.003067484662576687
xy005,-22.47475,6798,0.06396552373066357,314.9777019023895,0.9661892696392317,93.0348452200015,0.2853829607975506,0.003067484662576687
xy005,-22.47475,395,0.0037167375512815693,76.5269113779068,0.23474512692609448,22.42609239636699,0.06879169446738341,0.003067484662576687
